variable,group,value
1850,1,-0.736
1850,2,-0.202
1850,3,-0.363
1850,4,-0.589
1850,5,-0.614
1850,6,-0.335
1850,7,-0.157
1850,8,-0.148
1850,9,-0.415
1850,10,-0.583
1850,11,-0.554
1850,12,-0.462
1851,1,-0.144
1851,2,-0.398
1851,3,-0.553
1851,4,-0.618
1851,5,-0.32
1851,6,-0.242
1851,7,-0.202
1851,8,-0.295
1851,9,-0.38
1851,10,-0.138
1851,11,-0.358
1851,12,-0.121
1852,1,-0.226
1852,2,-0.5
1852,3,-0.751
1852,4,-0.515
1852,5,-0.141
1852,6,-0.103
1852,7,-0.025
1852,8,-0.338
1852,9,-0.296
1852,10,-0.157
1852,11,-0.52
1852,12,0.108
1853,1,-0.324
1853,2,-0.347
1853,3,-0.39
1853,4,-0.266
1853,5,-0.259
1853,6,-0.164
1853,7,0.047
1853,8,-0.046
1853,9,-0.394
1853,10,-0.465
1853,11,-0.633
1853,12,-0.3
1854,1,-0.531
1854,2,-0.578
1854,3,-0.27
1854,4,-0.396
1854,5,-0.279
1854,6,-0.46
1854,7,-0.171
1854,8,-0.189
1854,9,-0.253
1854,10,0.119
1854,11,-0.221
1854,12,-0.188
1855,1,-0.016
1855,2,-0.108
1855,3,-0.263
1855,4,-0.077
1855,5,-0.224
1855,6,-0.332
1855,7,-0.367
1855,8,-0.243
1855,9,-0.478
1855,10,-0.305
1855,11,-0.374
1855,12,-0.529
1856,1,0.038
1856,2,-0.389
1856,3,-0.409
1856,4,-0.408
1856,5,-0.339
1856,6,-0.124
1856,7,-0.242
1856,8,-0.521
1856,9,-0.719
1856,10,-0.673
1856,11,-0.553
1856,12,-0.409
1857,1,-0.504
1857,2,-0.534
1857,3,-0.625
1857,4,-0.82
1857,5,-0.76
1857,6,-0.558
1857,7,-0.504
1857,8,-0.458
1857,9,-0.489
1857,10,-0.529
1857,11,-0.483
1857,12,-0.208
1858,1,-0.199
1858,2,-0.485
1858,3,-0.306
1858,4,-0.278
1858,5,-0.407
1858,6,-0.259
1858,7,-0.313
1858,8,-0.321
1858,9,-0.485
1858,10,-0.274
1858,11,-0.164
1858,12,-0.469
1859,1,-0.336
1859,2,-0.284
1859,3,-0.228
1859,4,0.012
1859,5,0.015
1859,6,-0.108
1859,7,-0.306
1859,8,-0.353
1859,9,-0.527
1859,10,-0.237
1859,11,-0.164
1859,12,-0.07
1860,1,-0.315
1860,2,-0.303
1860,3,-0.678
1860,4,-0.268
1860,5,-0.209
1860,6,-0.193
1860,7,-0.255
1860,8,-0.207
1860,9,-0.294
1860,10,-0.343
1860,11,-0.514
1860,12,-0.841
1861,1,-0.982
1861,2,-0.646
1861,3,-0.569
1861,4,-0.417
1861,5,-0.435
1861,6,-0.36
1861,7,-0.313
1861,8,-0.194
1861,9,-0.407
1861,10,-0.46
1861,11,-0.197
1861,12,-0.335
1862,1,-0.903
1862,2,-0.76
1862,3,-0.537
1862,4,-0.551
1862,5,-0.29
1862,6,-0.315
1862,7,-0.34
1862,8,-0.503
1862,9,-0.555
1862,10,-0.463
1862,11,-0.543
1862,12,-0.861
1863,1,-0.117
1863,2,-0.114
1863,3,-0.337
1863,4,-0.257
1863,5,-0.223
1863,6,-0.342
1863,7,-0.368
1863,8,-0.39
1863,9,-0.515
1863,10,-0.489
1863,11,-0.361
1863,12,-0.398
1864,1,-0.547
1864,2,-0.384
1864,3,-0.373
1864,4,-0.415
1864,5,-0.153
1864,6,-0.094
1864,7,-0.18
1864,8,-0.332
1864,9,-0.5
1864,10,-0.346
1864,11,-0.377
1864,12,-0.419
1865,1,0.119
1865,2,-0.279
1865,3,-0.411
1865,4,-0.387
1865,5,-0.278
1865,6,-0.26
1865,7,-0.17
1865,8,-0.186
1865,9,-0.217
1865,10,-0.206
1865,11,-0.147
1865,12,-0.453
1866,1,0.066
1866,2,-0.326
1866,3,-0.424
1866,4,-0.488
1866,5,-0.332
1866,6,-0.229
1866,7,0.135
1866,8,-0.188
1866,9,-0.281
1866,10,-0.223
1866,11,-0.024
1866,12,0.12
1867,1,-0.125
1867,2,-0.299
1867,3,-0.265
1867,4,-0.119
1867,5,-0.369
1867,6,-0.172
1867,7,-0.153
1867,8,-0.234
1867,9,-0.121
1867,10,0.039
1867,11,0.275
1867,12,-0.126
1868,1,-0.475
1868,2,-0.622
1868,3,-0.283
1868,4,-0.104
1868,5,-0.068
1868,6,-0.095
1868,7,0.085
1868,8,-0.029
1868,9,-0.233
1868,10,0.023
1868,11,-0.301
1868,12,-0.113
1869,1,-0.18
1869,2,0.065
1869,3,-0.499
1869,4,-0.24
1869,5,-0.146
1869,6,-0.157
1869,7,-0.2
1869,8,-0.156
1869,9,-0.052
1869,10,-0.189
1869,11,-0.164
1869,12,-0.38
1870,1,-0.273
1870,2,-0.458
1870,3,-0.319
1870,4,-0.248
1870,5,-0.173
1870,6,-0.068
1870,7,-0.064
1870,8,-0.259
1870,9,-0.175
1870,10,-0.303
1870,11,-0.321
1870,12,-0.561
1871,1,-0.542
1871,2,-0.598
1871,3,-0.26
1871,4,-0.064
1871,5,-0.281
1871,6,-0.223
1871,7,-0.155
1871,8,-0.19
1871,9,-0.393
1871,10,-0.244
1871,11,-0.537
1871,12,-0.388
1872,1,-0.45
1872,2,-0.407
1872,3,-0.357
1872,4,-0.37
1872,5,-0.193
1872,6,-0.273
1872,7,-0.12
1872,8,-0.043
1872,9,-0.193
1872,10,-0.207
1872,11,-0.43
1872,12,-0.486
1873,1,-0.312
1873,2,-0.084
1873,3,-0.275
1873,4,-0.466
1873,5,-0.276
1873,6,-0.209
1873,7,-0.168
1873,8,-0.141
1873,9,-0.37
1873,10,-0.24
1873,11,-0.339
1873,12,-0.228
1874,1,-0.215
1874,2,-0.269
1874,3,-0.635
1874,4,-0.361
1874,5,-0.218
1874,6,-0.317
1874,7,-0.256
1874,8,-0.169
1874,9,-0.165
1874,10,-0.313
1874,11,-0.419
1874,12,-0.304
1875,1,-0.462
1875,2,-0.364
1875,3,-0.452
1875,4,-0.38
1875,5,-0.28
1875,6,-0.278
1875,7,-0.216
1875,8,-0.248
1875,9,-0.276
1875,10,-0.186
1875,11,-0.567
1875,12,-0.456
1876,1,-0.378
1876,2,-0.272
1876,3,-0.291
1876,4,-0.274
1876,5,-0.526
1876,6,-0.328
1876,7,-0.155
1876,8,-0.294
1876,9,-0.368
1876,10,-0.267
1876,11,-0.481
1876,12,-0.566
1877,1,-0.185
1877,2,-0.087
1877,3,0.058
1877,4,-0.121
1877,5,-0.052
1877,6,-0.056
1877,7,0.143
1877,8,0.235
1877,9,0.156
1877,10,0.18
1877,11,0.21
1877,12,-0.078
1878,1,-0.005
1878,2,0.412
1878,3,0.572
1878,4,0.302
1878,5,-0.056
1878,6,0.111
1878,7,0.119
1878,8,0.085
1878,9,-0.038
1878,10,-0.079
1878,11,0.037
1878,12,-0.117
1879,1,-0.136
1879,2,-0.242
1879,3,-0.061
1879,4,-0.291
1879,5,-0.242
1879,6,-0.196
1879,7,-0.217
1879,8,-0.237
1879,9,-0.3
1879,10,-0.087
1879,11,-0.299
1879,12,-0.511
1880,1,-0.377
1880,2,-0.532
1880,3,-0.308
1880,4,-0.351
1880,5,-0.241
1880,6,-0.308
1880,7,-0.257
1880,8,-0.219
1880,9,-0.381
1880,10,-0.331
1880,11,-0.196
1880,12,-0.215
1881,1,-0.116
1881,2,-0.211
1881,3,-0.077
1881,4,-0.022
1881,5,-0.101
1881,6,-0.352
1881,7,-0.144
1881,8,-0.143
1881,9,-0.296
1881,10,-0.262
1881,11,-0.4
1881,12,-0.213
1882,1,0.096
1882,2,0.008
1882,3,-0.125
1882,4,-0.291
1882,5,-0.249
1882,6,-0.323
1882,7,-0.341
1882,8,-0.21
1882,9,-0.198
1882,10,-0.35
1882,11,-0.442
1882,12,-0.556
1883,1,-0.409
1883,2,-0.438
1883,3,-0.087
1883,4,-0.31
1883,5,-0.23
1883,6,-0.136
1883,7,-0.263
1883,8,-0.352
1883,9,-0.359
1883,10,-0.283
1883,11,-0.489
1883,12,-0.269
1884,1,-0.242
1884,2,-0.199
1884,3,-0.496
1884,4,-0.554
1884,5,-0.579
1884,6,-0.521
1884,7,-0.545
1884,8,-0.479
1884,9,-0.543
1884,10,-0.463
1884,11,-0.605
1884,12,-0.444
1885,1,-0.681
1885,2,-0.474
1885,3,-0.352
1885,4,-0.507
1885,5,-0.557
1885,6,-0.564
1885,7,-0.337
1885,8,-0.434
1885,9,-0.445
1885,10,-0.33
1885,11,-0.396
1885,12,-0.161
1886,1,-0.637
1886,2,-0.648
1886,3,-0.535
1886,4,-0.384
1886,5,-0.324
1886,6,-0.455
1886,7,-0.278
1886,8,-0.443
1886,9,-0.506
1886,10,-0.467
1886,11,-0.558
1886,12,-0.344
1887,1,-0.953
1887,2,-0.713
1887,3,-0.482
1887,4,-0.382
1887,5,-0.466
1887,6,-0.488
1887,7,-0.341
1887,8,-0.539
1887,9,-0.4
1887,10,-0.417
1887,11,-0.406
1887,12,-0.409
1888,1,-0.358
1888,2,-0.523
1888,3,-0.445
1888,4,-0.376
1888,5,-0.345
1888,6,-0.314
1888,7,-0.236
1888,8,-0.271
1888,9,-0.295
1888,10,-0.084
1888,11,-0.158
1888,12,-0.115
1889,1,-0.12
1889,2,0.23
1889,3,0.047
1889,4,0.072
1889,5,-0.148
1889,6,-0.193
1889,7,-0.148
1889,8,-0.28
1889,9,-0.365
1889,10,-0.302
1889,11,-0.494
1889,12,-0.332
1890,1,-0.455
1890,2,-0.437
1890,3,-0.562
1890,4,-0.407
1890,5,-0.493
1890,6,-0.471
1890,7,-0.431
1890,8,-0.466
1890,9,-0.467
1890,10,-0.3
1890,11,-0.678
1890,12,-0.379
1891,1,-0.49
1891,2,-0.6
1891,3,-0.228
1891,4,-0.356
1891,5,-0.262
1891,6,-0.36
1891,7,-0.323
1891,8,-0.28
1891,9,-0.264
1891,10,-0.34
1891,11,-0.5
1891,12,-0.11
1892,1,-0.28
1892,2,-0.179
1892,3,-0.433
1892,4,-0.475
1892,5,-0.392
1892,6,-0.279
1892,7,-0.453
1892,8,-0.438
1892,9,-0.4
1892,10,-0.268
1892,11,-0.757
1892,12,-0.501
1893,1,-0.902
1893,2,-0.622
1893,3,-0.288
1893,4,-0.358
1893,5,-0.387
1893,6,-0.3
1893,7,-0.167
1893,8,-0.267
1893,9,-0.352
1893,10,-0.227
1893,11,-0.335
1893,12,-0.404
1894,1,-0.542
1894,2,-0.427
1894,3,-0.329
1894,4,-0.515
1894,5,-0.391
1894,6,-0.456
1894,7,-0.268
1894,8,-0.268
1894,9,-0.34
1894,10,-0.223
1894,11,-0.411
1894,12,-0.313
1895,1,-0.455
1895,2,-0.45
1895,3,-0.411
1895,4,-0.277
1895,5,-0.323
1895,6,-0.28
1895,7,-0.209
1895,8,-0.291
1895,9,-0.332
1895,10,-0.217
1895,11,-0.191
1895,12,-0.179
1896,1,-0.216
1896,2,-0.266
1896,3,-0.451
1896,4,-0.443
1896,5,-0.276
1896,6,-0.141
1896,7,-0.104
1896,8,-0.1
1896,9,-0.182
1896,10,-0.037
1896,11,-0.269
1896,12,-0.088
1897,1,-0.167
1897,2,-0.271
1897,3,-0.283
1897,4,-0.057
1897,5,-0.014
1897,6,-0.168
1897,7,-0.186
1897,8,-0.206
1897,9,-0.248
1897,10,-0.201
1897,11,-0.318
1897,12,-0.24
1898,1,-0.16
1898,2,-0.494
1898,3,-0.623
1898,4,-0.399
1898,5,-0.427
1898,6,-0.233
1898,7,-0.346
1898,8,-0.365
1898,9,-0.401
1898,10,-0.479
1898,11,-0.549
1898,12,-0.397
1899,1,-0.205
1899,2,-0.481
1899,3,-0.426
1899,4,-0.208
1899,5,-0.21
1899,6,-0.372
1899,7,-0.273
1899,8,-0.165
1899,9,-0.115
1899,10,-0.081
1899,11,0.012
1899,12,-0.267
1900,1,-0.41
1900,2,-0.006
1900,3,0.046
1900,4,-0.116
1900,5,-0.073
1900,6,-0.154
1900,7,-0.185
1900,8,-0.175
1900,9,-0.139
1900,10,0.04
1900,11,-0.211
1900,12,-0.119
1901,1,-0.276
1901,2,-0.081
1901,3,-0.014
1901,4,-0.036
1901,5,-0.17
1901,6,-0.234
1901,7,-0.267
1901,8,-0.198
1901,9,-0.287
1901,10,-0.289
1901,11,-0.298
1901,12,-0.242
1902,1,-0.278
1902,2,-0.072
1902,3,-0.386
1902,4,-0.325
1902,5,-0.388
1902,6,-0.359
1902,7,-0.319
1902,8,-0.354
1902,9,-0.381
1902,10,-0.424
1902,11,-0.558
1902,12,-0.502
1903,1,-0.254
1903,2,-0.156
1903,3,-0.3
1903,4,-0.499
1903,5,-0.469
1903,6,-0.558
1903,7,-0.47
1903,8,-0.57
1903,9,-0.625
1903,10,-0.562
1903,11,-0.558
1903,12,-0.52
1904,1,-0.655
1904,2,-0.665
1904,3,-0.502
1904,4,-0.547
1904,5,-0.553
1904,6,-0.523
1904,7,-0.545
1904,8,-0.515
1904,9,-0.617
1904,10,-0.496
1904,11,-0.282
1904,12,-0.331
1905,1,-0.34
1905,2,-0.612
1905,3,-0.309
1905,4,-0.376
1905,5,-0.302
1905,6,-0.338
1905,7,-0.365
1905,8,-0.284
1905,9,-0.351
1905,10,-0.312
1905,11,-0.187
1905,12,-0.267
1906,1,-0.338
1906,2,-0.321
1906,3,-0.116
1906,4,-0.036
1906,5,-0.289
1906,6,-0.257
1906,7,-0.335
1906,8,-0.281
1906,9,-0.34
1906,10,-0.178
1906,11,-0.395
1906,12,-0.145
1907,1,-0.406
1907,2,-0.551
1907,3,-0.277
1907,4,-0.344
1907,5,-0.518
1907,6,-0.481
1907,7,-0.422
1907,8,-0.431
1907,9,-0.409
1907,10,-0.234
1907,11,-0.543
1907,12,-0.454
1908,1,-0.412
1908,2,-0.27
1908,3,-0.591
1908,4,-0.479
1908,5,-0.299
1908,6,-0.332
1908,7,-0.362
1908,8,-0.484
1908,9,-0.369
1908,10,-0.479
1908,11,-0.664
1908,12,-0.56
1909,1,-0.766
1909,2,-0.482
1909,3,-0.568
1909,4,-0.559
1909,5,-0.521
1909,6,-0.491
1909,7,-0.52
1909,8,-0.354
1909,9,-0.482
1909,10,-0.454
1909,11,-0.414
1909,12,-0.484
1910,1,-0.379
1910,2,-0.464
1910,3,-0.533
1910,4,-0.439
1910,5,-0.356
1910,6,-0.42
1910,7,-0.425
1910,8,-0.411
1910,9,-0.437
1910,10,-0.391
1910,11,-0.625
1910,12,-0.729
1911,1,-0.67
1911,2,-0.638
1911,3,-0.611
1911,4,-0.495
1911,5,-0.533
1911,6,-0.501
1911,7,-0.49
1911,8,-0.472
1911,9,-0.495
1911,10,-0.256
1911,11,-0.315
1911,12,-0.268
1912,1,-0.222
1912,2,-0.213
1912,3,-0.434
1912,4,-0.168
1912,5,-0.25
1912,6,-0.224
1912,7,-0.516
1912,8,-0.589
1912,9,-0.667
1912,10,-0.646
1912,11,-0.491
1912,12,-0.493
1913,1,-0.528
1913,2,-0.495
1913,3,-0.448
1913,4,-0.345
1913,5,-0.415
1913,6,-0.483
1913,7,-0.429
1913,8,-0.357
1913,9,-0.42
1913,10,-0.354
1913,11,-0.303
1913,12,0
1914,1,0.002
1914,2,-0.241
1914,3,-0.331
1914,4,-0.315
1914,5,-0.215
1914,6,-0.239
1914,7,-0.304
1914,8,-0.216
1914,9,-0.27
1914,10,-0.021
1914,11,-0.18
1914,12,-0.026
1915,1,-0.23
1915,2,-0.124
1915,3,-0.022
1915,4,0.086
1915,5,0.008
1915,6,-0.199
1915,7,-0.211
1915,8,-0.127
1915,9,-0.22
1915,10,-0.293
1915,11,-0.131
1915,12,-0.263
1916,1,-0.176
1916,2,-0.169
1916,3,-0.269
1916,4,-0.332
1916,5,-0.337
1916,6,-0.392
1916,7,-0.364
1916,8,-0.368
1916,9,-0.405
1916,10,-0.394
1916,11,-0.521
1916,12,-0.797
1917,1,-0.665
1917,2,-0.658
1917,3,-0.681
1917,4,-0.523
1917,5,-0.587
1917,6,-0.506
1917,7,-0.304
1917,8,-0.329
1917,9,-0.378
1917,10,-0.509
1917,11,-0.48
1917,12,-0.725
1918,1,-0.518
1918,2,-0.511
1918,3,-0.41
1918,4,-0.511
1918,5,-0.479
1918,6,-0.385
1918,7,-0.369
1918,8,-0.4
1918,9,-0.221
1918,10,-0.038
1918,11,-0.198
1918,12,-0.28
1919,1,-0.193
1919,2,-0.217
1919,3,-0.266
1919,4,-0.106
1919,5,-0.235
1919,6,-0.331
1919,7,-0.329
1919,8,-0.29
1919,9,-0.36
1919,10,-0.281
1919,11,-0.556
1919,12,-0.4
1920,1,-0.162
1920,2,-0.323
1920,3,-0.085
1920,4,-0.17
1920,5,-0.241
1920,6,-0.258
1920,7,-0.268
1920,8,-0.25
1920,9,-0.214
1920,10,-0.143
1920,11,-0.277
1920,12,-0.472
1921,1,-0.109
1921,2,-0.191
1921,3,-0.285
1921,4,-0.269
1921,5,-0.302
1921,6,-0.148
1921,7,-0.149
1921,8,-0.281
1921,9,-0.17
1921,10,-0.04
1921,11,-0.129
1921,12,-0.102
1922,1,-0.273
1922,2,-0.392
1922,3,-0.124
1922,4,-0.112
1922,5,-0.361
1922,6,-0.265
1922,7,-0.227
1922,8,-0.367
1922,9,-0.372
1922,10,-0.349
1922,11,-0.247
1922,12,-0.154
1923,1,-0.282
1923,2,-0.392
1923,3,-0.362
1923,4,-0.276
1923,5,-0.286
1923,6,-0.22
1923,7,-0.374
1923,8,-0.325
1923,9,-0.347
1923,10,-0.034
1923,11,0.04
1923,12,0.029
1924,1,-0.246
1924,2,-0.234
1924,3,-0.049
1924,4,-0.254
1924,5,-0.149
1924,6,-0.231
1924,7,-0.255
1924,8,-0.312
1924,9,-0.334
1924,10,-0.32
1924,11,-0.207
1924,12,-0.334
1925,1,-0.406
1925,2,-0.449
1925,3,-0.253
1925,4,-0.233
1925,5,-0.166
1925,6,-0.27
1925,7,-0.289
1925,8,-0.161
1925,9,-0.214
1925,10,-0.148
1925,11,-0.018
1925,12,0.176
1926,1,0.238
1926,2,-0.004
1926,3,0.134
1926,4,-0.073
1926,5,-0.195
1926,6,-0.202
1926,7,-0.229
1926,8,-0.118
1926,9,-0.113
1926,10,0.019
1926,11,-0.048
1926,12,-0.21
1927,1,-0.236
1927,2,-0.167
1927,3,-0.377
1927,4,-0.242
1927,5,-0.174
1927,6,-0.264
1927,7,-0.205
1927,8,-0.178
1927,9,-0.121
1927,10,0.067
1927,11,-0.058
1927,12,-0.252
1928,1,0.115
1928,2,-0.018
1928,3,-0.2
1928,4,-0.186
1928,5,-0.293
1928,6,-0.379
1928,7,-0.202
1928,8,-0.233
1928,9,-0.266
1928,10,-0.143
1928,11,-0.134
1928,12,-0.142
1929,1,-0.405
1929,2,-0.524
1929,3,-0.39
1929,4,-0.364
1929,5,-0.425
1929,6,-0.429
1929,7,-0.441
1929,8,-0.292
1929,9,-0.266
1929,10,-0.129
1929,11,-0.138
1929,12,-0.487
1930,1,-0.214
1930,2,-0.272
1930,3,-0.102
1930,4,-0.19
1930,5,-0.21
1930,6,-0.233
1930,7,-0.146
1930,8,-0.119
1930,9,-0.129
1930,10,-0.058
1930,11,0.13
1930,12,0.003
1931,1,-0.092
1931,2,-0.212
1931,3,-0.073
1931,4,-0.154
1931,5,-0.188
1931,6,-0.054
1931,7,-0.012
1931,8,-0.01
1931,9,-0.049
1931,10,0.086
1931,11,-0.032
1931,12,0.012
1932,1,0.117
1932,2,-0.164
1932,3,-0.094
1932,4,0.054
1932,5,-0.061
1932,6,-0.221
1932,7,-0.175
1932,8,-0.202
1932,9,-0.011
1932,10,-0.037
1932,11,-0.304
1932,12,-0.172
1933,1,-0.24
1933,2,-0.269
1933,3,-0.305
1933,4,-0.269
1933,5,-0.298
1933,6,-0.383
1933,7,-0.282
1933,8,-0.2
1933,9,-0.35
1933,10,-0.228
1933,11,-0.371
1933,12,-0.404
1934,1,-0.25
1934,2,-0.082
1934,3,-0.367
1934,4,-0.33
1934,5,-0.145
1934,6,-0.165
1934,7,-0.15
1934,8,-0.147
1934,9,-0.187
1934,10,-0.039
1934,11,0.058
1934,12,-0.03
1935,1,-0.358
1935,2,0.078
1935,3,-0.152
1935,4,-0.314
1935,5,-0.335
1935,6,-0.226
1935,7,-0.204
1935,8,-0.22
1935,9,-0.238
1935,10,-0.038
1935,11,-0.387
1935,12,-0.183
1936,1,-0.3
1936,2,-0.334
1936,3,-0.307
1936,4,-0.173
1936,5,-0.166
1936,6,-0.158
1936,7,-0.078
1936,8,-0.118
1936,9,-0.128
1936,10,0.044
1936,11,-0.07
1936,12,0.039
1937,1,-0.051
1937,2,0.078
1937,3,-0.143
1937,4,-0.087
1937,5,-0.037
1937,6,0.017
1937,7,0.019
1937,8,0.041
1937,9,0.12
1937,10,0.149
1937,11,0.083
1937,12,-0.012
1938,1,0.088
1938,2,0.083
1938,3,0.088
1938,4,0.064
1938,5,-0.092
1938,6,-0.132
1938,7,-0.071
1938,8,-0.02
1938,9,0.045
1938,10,0.218
1938,11,0.071
1938,12,-0.105
1939,1,-0.027
1939,2,-0.084
1939,3,-0.197
1939,4,-0.003
1939,5,0.078
1939,6,0.019
1939,7,-0.044
1939,8,-0.04
1939,9,-0.037
1939,10,-0.067
1939,11,-0.055
1939,12,0.435
1940,1,0.074
1940,2,0.115
1940,3,0.084
1940,4,0.137
1940,5,0.042
1940,6,0.023
1940,7,0.127
1940,8,0.062
1940,9,0.074
1940,10,0.055
1940,11,-0.05
1940,12,0.222
1941,1,-0.001
1941,2,0.134
1941,3,-0.054
1941,4,-0.017
1941,5,0.023
1941,6,0.053
1941,7,0.121
1941,8,-0.012
1941,9,-0.204
1941,10,0.223
1941,11,-0.02
1941,12,0.202
1942,1,0.351
1942,2,0.01
1942,3,0.086
1942,4,0.017
1942,5,0.08
1942,6,0.038
1942,7,-0.026
1942,8,-0.073
1942,9,-0.072
1942,10,0.024
1942,11,0.014
1942,12,0.114
1943,1,-0.038
1943,2,0.128
1943,3,-0.039
1943,4,0.138
1943,5,0.088
1943,6,-0.028
1943,7,0.08
1943,8,0.107
1943,9,0.024
1943,10,0.313
1943,11,0.161
1943,12,0.272
1944,1,0.389
1944,2,0.247
1944,3,0.262
1944,4,0.177
1944,5,0.173
1944,6,0.114
1944,7,0.179
1944,8,0.227
1944,9,0.189
1944,10,0.287
1944,11,0.074
1944,12,0.135
1945,1,0.112
1945,2,-0.012
1945,3,0.088
1945,4,0.227
1945,5,0.018
1945,6,0.007
1945,7,-0.009
1945,8,0.227
1945,9,0.105
1945,10,0.222
1945,11,0.01
1945,12,-0.056
1946,1,0.06
1946,2,-0.044
1946,3,0.036
1946,4,0.08
1946,5,-0.058
1946,6,-0.197
1946,7,-0.074
1946,8,-0.166
1946,9,-0.128
1946,10,-0.009
1946,11,-0.067
1946,12,-0.248
1947,1,0.007
1947,2,0.028
1947,3,0.132
1947,4,0.084
1947,5,-0.05
1947,6,-0.055
1947,7,-0.048
1947,8,-0.115
1947,9,-0.11
1947,10,0.125
1947,11,0.071
1947,12,-0.055
1948,1,0.082
1948,2,-0.161
1948,3,-0.214
1948,4,-0.084
1948,5,0.051
1948,6,0.031
1948,7,-0.107
1948,8,-0.059
1948,9,-0.153
1948,10,-0.027
1948,11,-0.19
1948,12,-0.29
1949,1,0.09
1949,2,-0.194
1949,3,-0.075
1949,4,-0.093
1949,5,-0.079
1949,6,-0.246
1949,7,-0.175
1949,8,-0.108
1949,9,-0.163
1949,10,-0.021
1949,11,-0.131
1949,12,-0.053
1950,1,-0.228
1950,2,-0.336
1950,3,-0.111
1950,4,-0.197
1950,5,-0.067
1950,6,-0.021
1950,7,-0.025
1950,8,-0.167
1950,9,-0.192
1950,10,-0.163
1950,11,-0.334
1950,12,-0.177
1951,1,-0.327
1951,2,-0.401
1951,3,-0.139
1951,4,-0.017
1951,5,0.126
1951,6,0.103
1951,7,0.056
1951,8,0.185
1951,9,0.098
1951,10,0.212
1951,11,0.013
1951,12,0.203
1952,1,0.189
1952,2,0.157
1952,3,-0.065
1952,4,0.099
1952,5,0.068
1952,6,0.092
1952,7,0.116
1952,8,0.116
1952,9,0.124
1952,10,0.074
1952,11,-0.091
1952,12,0.095
1953,1,0.095
1953,2,0.191
1953,3,0.1
1953,4,0.318
1953,5,0.254
1953,6,0.248
1953,7,0.128
1953,8,0.146
1953,9,0.117
1953,10,0.118
1953,11,-0.006
1953,12,0.14
1954,1,-0.206
1954,2,-0.061
1954,3,-0.088
1954,4,0.008
1954,5,-0.02
1954,6,-0.042
1954,7,-0.119
1954,8,-0.073
1954,9,-0.068
1954,10,0.104
1954,11,0.167
1954,12,-0.057
1955,1,0.214
1955,2,-0.133
1955,3,-0.264
1955,4,-0.127
1955,5,-0.18
1955,6,-0.059
1955,7,-0.105
1955,8,0.127
1955,9,-0.158
1955,10,0.012
1955,11,-0.241
1955,12,-0.232
1956,1,-0.07
1956,2,-0.152
1956,3,-0.22
1956,4,-0.22
1956,5,-0.263
1956,6,-0.139
1956,7,-0.107
1956,8,-0.298
1956,9,-0.218
1956,10,-0.271
1956,11,-0.168
1956,12,0.006
1957,1,-0.119
1957,2,-0.044
1957,3,-0.091
1957,4,0.048
1957,5,0.132
1957,6,0.192
1957,7,-0.029
1957,8,0.144
1957,9,0.082
1957,10,0.105
1957,11,0.06
1957,12,0.153
1958,1,0.357
1958,2,0.189
1958,3,0.115
1958,4,0.03
1958,5,0.072
1958,6,-0.071
1958,7,-0.019
1958,8,-0.073
1958,9,-0.107
1958,10,0.055
1958,11,0.056
1958,12,0.088
1959,1,0.11
1959,2,0.038
1959,3,0.139
1959,4,0.198
1959,5,0.101
1959,6,0.084
1959,7,0.029
1959,8,0
1959,9,-0.099
1959,10,-0.008
1959,11,-0.131
1959,12,0.023
1960,1,-0.007
1960,2,0.104
1960,3,-0.336
1960,4,-0.139
1960,5,-0.058
1960,6,-0.008
1960,7,-0.052
1960,8,0.087
1960,9,0.07
1960,10,0.074
1960,11,-0.165
1960,12,0.226
1961,1,0.057
1961,2,0.171
1961,3,0.043
1961,4,0.156
1961,5,0.173
1961,6,0.125
1961,7,0.013
1961,8,0.016
1961,9,0.042
1961,10,0.001
1961,11,0.024
1961,12,-0.118
1962,1,0.061
1962,2,0.113
1962,3,0.129
1962,4,0.052
1962,5,-0.115
1962,6,0.009
1962,7,-0.073
1962,8,-0.065
1962,9,-0.086
1962,10,-0.031
1962,11,0.006
1962,12,0.005
1963,1,0
1963,2,0.119
1963,3,-0.223
1963,4,-0.062
1963,5,-0.088
1963,6,-0.025
1963,7,0.066
1963,8,0.256
1963,9,0.183
1963,10,0.143
1963,11,0.108
1963,12,0.035
1964,1,-0.084
1964,2,-0.129
1964,3,-0.295
1964,4,-0.335
1964,5,-0.278
1964,6,-0.044
1964,7,-0.095
1964,8,-0.283
1964,9,-0.339
1964,10,-0.286
1964,11,-0.256
1964,12,-0.238
1965,1,-0.036
1965,2,-0.17
1965,3,-0.179
1965,4,-0.183
1965,5,-0.078
1965,6,-0.098
1965,7,-0.155
1965,8,-0.06
1965,9,-0.197
1965,10,-0.01
1965,11,-0.065
1965,12,-0.006
1966,1,-0.155
1966,2,-0.043
1966,3,-0.058
1966,4,-0.015
1966,5,-0.096
1966,6,0.002
1966,7,0.097
1966,8,-0.039
1966,9,0.008
1966,10,-0.155
1966,11,-0.031
1966,12,-0.007
1967,1,-0.091
1967,2,-0.23
1967,3,0.045
1967,4,0.011
1967,5,0.212
1967,6,-0.004
1967,7,0.025
1967,8,0.001
1967,9,-0.031
1967,10,0.051
1967,11,-0.102
1967,12,-0.013
1968,1,-0.201
1968,2,-0.155
1968,3,0.109
1968,4,-0.042
1968,5,-0.119
1968,6,-0.072
1968,7,-0.183
1968,8,-0.116
1968,9,-0.22
1968,10,0.085
1968,11,-0.085
1968,12,-0.055
1969,1,-0.039
1969,2,-0.115
1969,3,-0.036
1969,4,0.177
1969,5,0.233
1969,6,0.116
1969,7,-0.085
1969,8,0.002
1969,9,0.039
1969,10,0.081
1969,11,0.076
1969,12,0.287
1970,1,0.142
1970,2,0.165
1970,3,0.025
1970,4,0.072
1970,5,0.005
1970,6,-0.041
1970,7,-0.032
1970,8,-0.097
1970,9,0.09
1970,10,0.025
1970,11,-0.07
1970,12,-0.112
1971,1,-0.056
1971,2,-0.208
1971,3,-0.232
1971,4,-0.073
1971,5,-0.068
1971,6,-0.129
1971,7,-0.108
1971,8,-0.079
1971,9,-0.045
1971,10,-0.058
1971,11,-0.09
1971,12,-0.121
1972,1,-0.262
1972,2,-0.206
1972,3,-0.005
1972,4,0.017
1972,5,0.055
1972,6,0.043
1972,7,-0.032
1972,8,0.177
1972,9,0.022
1972,10,0.02
1972,11,-0.005
1972,12,0.236
1973,1,0.247
1973,2,0.263
1973,3,0.193
1973,4,0.307
1973,5,0.266
1973,6,0.177
1973,7,0.056
1973,8,0.052
1973,9,0.037
1973,10,0.084
1973,11,0.021
1973,12,0.004
1974,1,-0.155
1974,2,-0.301
1974,3,-0.122
1974,4,-0.061
1974,5,-0.024
1974,6,-0.002
1974,7,-0.046
1974,8,0.181
1974,9,-0.037
1974,10,-0.039
1974,11,-0.076
1974,12,-0.069
1975,1,0.053
1975,2,0.13
1975,3,0.147
1975,4,0.112
1975,5,0.21
1975,6,0.037
1975,7,-0.046
1975,8,-0.188
1975,9,-0.031
1975,10,-0.069
1975,11,-0.221
1975,12,-0.105
1976,1,-0.036
1976,2,-0.104
1976,3,-0.234
1976,4,-0.057
1976,5,-0.253
1976,6,-0.176
1976,7,-0.059
1976,8,-0.147
1976,9,-0.028
1976,10,-0.192
1976,11,-0.027
1976,12,0.166
1977,1,0.316
1977,2,0.239
1977,3,0.192
1977,4,0.313
1977,5,0.393
1977,6,0.356
1977,7,0.227
1977,8,0.284
1977,9,0.089
1977,10,0.116
1977,11,0.188
1977,12,0.097
1978,1,0.139
1978,2,0.196
1978,3,0.195
1978,4,0.226
1978,5,0.18
1978,6,0.03
1978,7,0.091
1978,8,-0.179
1978,9,0.119
1978,10,0.003
1978,11,0.156
1978,12,0.149
1979,1,0.18
1979,2,-0.069
1979,3,0.191
1979,4,0.243
1979,5,0.081
1979,6,0.098
1979,7,0.03
1979,8,0.169
1979,9,0.277
1979,10,0.246
1979,11,0.263
1979,12,0.501
1980,1,0.378
1980,2,0.466
1980,3,0.37
1980,4,0.426
1980,5,0.389
1980,6,0.217
1980,7,0.303
1980,8,0.267
1980,9,0.202
1980,10,0.161
1980,11,0.263
1980,12,0.232
1981,1,0.575
1981,2,0.42
1981,3,0.45
1981,4,0.329
1981,5,0.28
1981,6,0.371
1981,7,0.378
1981,8,0.424
1981,9,0.218
1981,10,0.144
1981,11,0.199
1981,12,0.489
1982,1,0.13
1982,2,0.156
1982,3,-0.012
1982,4,0.108
1982,5,0.197
1982,6,0.109
1982,7,0.133
1982,8,0.078
1982,9,0.138
1982,10,0.127
1982,11,0.093
1982,12,0.434
1983,1,0.487
1983,2,0.443
1983,3,0.367
1983,4,0.349
1983,5,0.386
1983,6,0.234
1983,7,0.167
1983,8,0.359
1983,9,0.408
1983,10,0.162
1983,11,0.26
1983,12,0.232
1984,1,0.287
1984,2,0.14
1984,3,0.288
1984,4,0.175
1984,5,0.386
1984,6,0.093
1984,7,0.045
1984,8,0.151
1984,9,0.219
1984,10,0.107
1984,11,-0.017
1984,12,-0.031
1985,1,0.286
1985,2,0.039
1985,3,0.176
1985,4,0.174
1985,5,0.212
1985,6,0.179
1985,7,-0.02
1985,8,0.198
1985,9,0.148
1985,10,0.133
1985,11,0.066
1985,12,0.213
1986,1,0.239
1986,2,0.426
1986,3,0.262
1986,4,0.328
1986,5,0.284
1986,6,0.116
1986,7,0.1
1986,8,0.182
1986,9,0.096
1986,10,0.159
1986,11,0.082
1986,12,0.186
1987,1,0.347
1987,2,0.399
1987,3,0.222
1987,4,0.299
1987,5,0.323
1987,6,0.385
1987,7,0.435
1987,8,0.322
1987,9,0.35
1987,10,0.323
1987,11,0.205
1987,12,0.517
1988,1,0.559
1988,2,0.429
1988,3,0.466
1988,4,0.506
1988,5,0.457
1988,6,0.445
1988,7,0.328
1988,8,0.418
1988,9,0.391
1988,10,0.32
1988,11,0.058
1988,12,0.297
1989,1,0.075
1989,2,0.355
1989,3,0.301
1989,4,0.343
1989,5,0.129
1989,6,0.155
1989,7,0.326
1989,8,0.335
1989,9,0.349
1989,10,0.333
1989,11,0.14
1989,12,0.454
1990,1,0.421
1990,2,0.393
1990,3,0.74
1990,4,0.652
1990,5,0.553
1990,6,0.406
1990,7,0.462
1990,8,0.345
1990,9,0.313
1990,10,0.438
1990,11,0.39
1990,12,0.43
1991,1,0.443
1991,2,0.522
1991,3,0.383
1991,4,0.604
1991,5,0.448
1991,6,0.544
1991,7,0.511
1991,8,0.445
1991,9,0.45
1991,10,0.348
1991,11,0.297
1991,12,0.394
1992,1,0.501
1992,2,0.445
1992,3,0.465
1992,4,0.342
1992,5,0.345
1992,6,0.281
1992,7,0.119
1992,8,0.11
1992,9,-0.033
1992,10,0.051
1992,11,0.004
1992,12,0.26
1993,1,0.403
1993,2,0.43
1993,3,0.382
1993,4,0.368
1993,5,0.355
1993,6,0.309
1993,7,0.275
1993,8,0.201
1993,9,0.201
1993,10,0.287
1993,11,0.115
1993,12,0.241
1994,1,0.304
1994,2,0.105
1994,3,0.37
1994,4,0.455
1994,5,0.362
1994,6,0.443
1994,7,0.284
1994,8,0.241
1994,9,0.341
1994,10,0.446
1994,11,0.421
1994,12,0.395
1995,1,0.53
1995,2,0.775
1995,3,0.477
1995,4,0.586
1995,5,0.388
1995,6,0.503
1995,7,0.534
1995,8,0.536
1995,9,0.407
1995,10,0.51
1995,11,0.461
1995,12,0.343
1996,1,0.333
1996,2,0.582
1996,3,0.446
1996,4,0.463
1996,5,0.33
1996,6,0.276
1996,7,0.361
1996,8,0.524
1996,9,0.29
1996,10,0.204
1996,11,0.42
1996,12,0.48
1997,1,0.37
1997,2,0.425
1997,3,0.554
1997,4,0.501
1997,5,0.448
1997,6,0.619
1997,7,0.398
1997,8,0.455
1997,9,0.569
1997,10,0.695
1997,11,0.7
1997,12,0.662
1998,1,0.655
1998,2,0.885
1998,3,0.681
1998,4,0.814
1998,5,0.773
1998,6,0.79
1998,7,0.72
1998,8,0.753
1998,9,0.501
1998,10,0.486
1998,11,0.48
1998,12,0.66
1999,1,0.506
1999,2,0.69
1999,3,0.386
1999,4,0.418
1999,5,0.354
1999,6,0.44
1999,7,0.391
1999,8,0.366
1999,9,0.467
1999,10,0.394
1999,11,0.388
1999,12,0.489
2000,1,0.334
2000,2,0.596
2000,3,0.568
2000,4,0.644
2000,5,0.42
2000,6,0.446
2000,7,0.385
2000,8,0.483
2000,9,0.459
2000,10,0.276
2000,11,0.335
2000,12,0.354
2001,1,0.516
2001,2,0.499
2001,3,0.608
2001,4,0.617
2001,5,0.608
2001,6,0.564
2001,7,0.572
2001,8,0.485
2001,9,0.553
2001,10,0.504
2001,11,0.708
2001,12,0.676
2002,1,0.773
2002,2,0.727
2002,3,0.939
2002,4,0.691
2002,5,0.697
2002,6,0.57
2002,7,0.599
2002,8,0.569
2002,9,0.687
2002,10,0.612
2002,11,0.581
2002,12,0.576
2003,1,0.805
2003,2,0.612
2003,3,0.593
2003,4,0.64
2003,5,0.669
2003,6,0.496
2003,7,0.559
2003,8,0.662
2003,9,0.69
2003,10,0.744
2003,11,0.535
2003,12,0.794
2004,1,0.65
2004,2,0.733
2004,3,0.638
2004,4,0.705
2004,5,0.433
2004,6,0.44
2004,7,0.25
2004,8,0.472
2004,9,0.551
2004,10,0.631
2004,11,0.699
2004,12,0.554
2005,1,0.792
2005,2,0.683
2005,3,0.784
2005,4,0.768
2005,5,0.706
2005,6,0.698
2005,7,0.607
2005,8,0.642
2005,9,0.748
2005,10,0.821
2005,11,0.724
2005,12,0.772
2006,1,0.644
2006,2,0.828
2006,3,0.699
2006,4,0.618
2006,5,0.563
2006,6,0.677
2006,7,0.47
2006,8,0.742
2006,9,0.646
2006,10,0.705
2006,11,0.704
2006,12,0.843
2007,1,0.991
2007,2,0.768
2007,3,0.697
2007,4,0.878
2007,5,0.719
2007,6,0.617
2007,7,0.641
2007,8,0.638
2007,9,0.61
2007,10,0.637
2007,11,0.593
2007,12,0.518
2008,1,0.31
2008,2,0.367
2008,3,0.687
2008,4,0.605
2008,5,0.573
2008,6,0.515
2008,7,0.576
2008,8,0.488
2008,9,0.684
2008,10,0.713
2008,11,0.67
2008,12,0.598
2009,1,0.713
2009,2,0.592
2009,3,0.523
2009,4,0.659
2009,5,0.672
2009,6,0.698
2009,7,0.783
2009,8,0.744
2009,9,0.745
2009,10,0.721
2009,11,0.784
2009,12,0.784
2010,1,0.829
2010,2,0.911
2010,3,0.932
2010,4,0.987
2010,5,0.817
2010,6,0.694
2010,7,0.606
2010,8,0.695
2010,9,0.682
2010,10,0.745
2010,11,0.776
2010,12,0.571
2011,1,0.61
2011,2,0.573
2011,3,0.7
2011,4,0.722
2011,5,0.589
2011,6,0.678
2011,7,0.779
2011,8,0.811
2011,9,0.597
2011,10,0.668
2011,11,0.562
2011,12,0.641
2012,1,0.478
2012,2,0.527
2012,3,0.521
2012,4,0.777
2012,5,0.822
2012,6,0.696
2012,7,0.563
2012,8,0.743
2012,9,0.778
2012,10,0.848
2012,11,0.806
2012,12,0.61
2013,1,0.738
2013,2,0.608
2013,3,0.681
2013,4,0.641
2013,5,0.677
2013,6,0.678
2013,7,0.581
2013,8,0.723
2013,9,0.792
2013,10,0.699
2013,11,0.836
2013,12,0.738
2014,1,0.787
2014,2,0.58
2014,3,0.782
2014,4,0.86
2014,5,0.899
2014,6,0.679
2014,7,0.577
2014,8,0.885
2014,9,0.907
2014,10,0.85
2014,11,0.629
2014,12,0.814
2015,1,0.859
2015,2,0.89
2015,3,0.907
2015,4,0.86
2015,5,0.863
2015,6,0.823
2015,7,0.73
2015,8,0.863
2015,9,0.886
2015,10,1.087
2015,11,1.02
2015,12,1.186
2016,1,1.247
2016,2,1.326
2016,3,1.32
2016,4,1.178
2016,5,1.047
2016,6,0.831
2016,7,0.833
2016,8,1.032
2016,9,0.917
2016,10,0.955
2016,11,0.957
2016,12,0.972
2017,1,1.087
2017,2,1.172
2017,3,1.214
2017,4,1.044
2017,5,0.982
2017,6,0.724
2017,7,0.808
2017,8,0.893
2017,9,0.777
2017,10,0.917
2017,11,0.852
2017,12,0.994
2018,1,0.873
2018,2,0.916
2018,3,0.921
2018,4,0.987
2018,5,0.845
2018,6,0.798
2018,7,0.804
2018,8,0.821
2018,9,0.8
2018,10,1.002
2018,11,0.815
2018,12,0.974
2019,1,0.946
2019,2,0.98
2019,3,1.211
2019,4,1.111
2019,5,0.924
2019,6,0.877
2019,7,0.943
2019,8,0.991
2019,9,0.937
2019,10,1.103
2019,11,1.001
2019,12,1.153
2020,1,1.192
2020,2,1.216
2020,3,1.169
2020,4,1.226
2020,5,1.038
2020,6,0.912
2020,7,0.923
2020,8,0.946
2020,9,0.999
2020,10,0.92
2020,11,1.081
2020,12,0.859
2021,1,0.886
2021,2,0.691
2021,3,0.862
2021,4,0.88
2021,5,0.863
2021,6,0.836
2021,7,0.902
2021,8,0.896
2021,9,0.981
2021,10,1.05
2021,11,0.925
2021,12,0.885
2022,1,0.937
2022,2,0.877
2022,3,1.071
2022,4,0.932
2022,5,0.888
2022,6,0.961
2022,7,0.921
2022,8,0.971
2022,9,0.9
2022,10,1.058